Birth Country,Birthday 1,Birthday 2,Birthday 3,Birthday 4,Birthday 5,Birthday 6 ,Birthday 7,Birthday 8,Birthday 9,Birthday 10
Haiti,1987,1989,1987,,,,,,,
Guatemala,1997,,,,,,,,,
Haiti,1983,2017,2009,1978,1994,,,,,
Haiti,1995,1996,1990,,,,,,,
Haiti,1977,1985,2008,,,,,,,
Haiti,1994,1989,,,,,,,,
Honduras,1991,2017,2014,,,,,,,
Haiti,2000,1976,1993,1990,,,,,,
Haiti,1993,1995, ,,,,,,,
Haiti,1982,1974,1975,,,,,,,
Haiti,1979,,,,,,,,,
Haiti,1996,1997,,,,,,,,
Honduras,1990,1987,,,,,,,,
Haiti,1980,1977,1979,,,,,,,
Honduras,1981,2021,,,,,,,,
Mexico,1988,2017,2009,,,,,,,
Honduras,1991,1983,2010,2012,2016,,,,,
Haiti,1992,1986,2018,,,,,,,
Mexico,1993,2016,,,,,,,,
Haiti,1978,1983,1990,1999,,,,,,
Mexico,1997,1985,2012,2013,2018,2006,,,,
Haiti,1986,,,,,,,,,
Haiti,1999,1992,1972,1992,1994,,,,,
El Salvador,1997,1993,1994,2012,2022,,,,,
Mexico,1988,1987,2008,2017,2013,,,,,
Mexico,1997,1994,2016,,,,,,,
Haiti,1993,1993,,,,,,,,
Haiti,1974,1994,,,,,,,,
Haiti,1990,1985,2020,,,,,,,
El Salvador,1995,1986,,,,,,,,
Venezuela,1989,1985,2021,,,,,,,
Honduras,1995,1989,2019,2012,,,,,,
Mexico,1994,2019,2015,2014,,,,,,
Honduras,1991,1995,2018,2014,,,,,,
Honduras,1983,,,,,,,,,
El Salvador,2000,2018,2020,,,,,,,
El Salvador,1993,1995,,,,,,,,
Haiti,1974,,,,,,,,,
Guatemala,1982,,,,,,,,,
Haiti,1997,1971,1994,1979,,,,,,
El Salvador,1998,1991,2016,2021,,,,,,
Honduras,1993,,,,,,,,,
Honduras,1988,1990,2021,2012,2018,2009,,,,
Honduras,1996,2018,2014,2013,,,,,,
Haiti,1991,1992,2020,,,,,,,
Mexico,1985,,,,,,,,,
Mexico,1991,,,,,,,,,
El Salvador,1997,,,,,,,,,
Haiti,2002,,,,,,,,,
Haiti,1988,1985,1990,1993,,,,,,
Haiti,1998,1993,1987,1994,1991,,,,,
Haiti,1977,1981,1986,1983,,,,,,
Haiti,1987,1990,1979,1979,1992,1975,,,,
Haiti,1993,1993,1995,,,,,,,
Haiti,1982,1973,,,,,,,,
Haiti,1977,1977,,,,,,,,
Haiti,1991,1987,,,,,,,,
Mexico,1992,1996,2017,2012,,,,,,
Honduras,1994,2015,,,,,,,,
Mexico,1994,1994,2021,2015,2006,2016,,,,
Haiti,1989,1984,1993,1988,,,,,,
Mexico,2000,1959,2019,,,,,,,
Mexico,1989,2010,2013,2018,2011,,,,,
Haiti,2003,1992,,,,,,,,
Mexico,1983,1980,2003,2007,,,,,,
Haiti,1993,,,,,,,,,
Haiti,1988,1986,2021,,,,,,,
Venezuela,1977,1984,2007,1998,2000,,,,,
Haiti,1998,1997,1999,1995,1996,,,,,
Honduras,2003,,,,,,,,,
Haiti,1992,1965,1905,,,,,,,
Haiti,1983,1997,1992,1999,,,,,,
El Salvador,1992,1997,1996,1990,,,,,,
Guatemala,1998,1989,,,,,,,,
Haiti,1984,2018,1979,,,,,,,
Haiti,1982,1992,,,,,,,,
Guatemala,1982,2007,,,,,,,,
El Salvador,1982,1990,,,,,,,,
Haiti,1991,1992,2018,,,,,,,
Guatemala,1983,2012,2007,2016,2009,,,,,
Mexico,1979,1989,2011,2008,2013,2015,2016,2010,,
Haiti,1974,1989,2013,2010,,,,,,
Haiti,1985,1993,2020,,,,,,,
Guatemala,1992,2016,,,,,,,,
Honduras,1997,2016,2019,,,,,,,
Honduras,1987,1996,2017,,,,,,,
Venezuela,1980,1981,2008,2021,,,,,,
Honduras,1984,1988,2018,2009,,,,,,
Honduras,1996,2001,2021,,,,,,,
Haiti,1995,,,,,,,,,
Honduras,1969,1963,2003,2015,,,,,,
Honduras,1995,1990,2018,,,,,,,
Guatemala,1994,2017,,,,,,,,
Haiti,1997,1992,1997,2020,2018,,,,,
Mexico,1965,1947,1994,2003,2021,2005,,,,
Guatemala,1986,2014,2021,,,,,,,
Guatemala,1980,2013,,,,,,,,
Mexico,2002,2018,2020,,,,,,,
Haiti,1989,1990,2019,,,,,,,
Haiti,1996,1990,1993,1993,1989,,,,,
Venezuela,1973,1977,2008,,,,,,,
Djibouti,1996,2021,,,,,,,,
Haiti,1990,1997,,,,,,,,
Honduras,1999,2018,,,,,,,,
Guatemala,1977,1992,2014,2017,2012,,,,,
Venezuela,1985,1990,2005,,,,,,,
El Salvador,1980,2004,,,,,,,,
Guatemala,1988,1992,2021,2022,,,,,,
Guatemala,2001,2021,,,,,,,,
Haiti,1990,1976,1976,,,,,,,
Mexico,1967,1974,2003,2005,,,,,,
Mexico,1995,1999,2021,,,,,,,
Haiti,1986,,,,,,,,,
Mexico,1991,2009,2019,2021,,,,,,
Guatemala,1982,2018,,,,,,,,
Venezuela,1991,1993,,,,,,,,
Mexico,1984,2016,,,,,,,,
Mexico,1979,2017,2013,2007,,,,,,
El Salvador,1994,1998,2019,,,,,,,
Guatemala,1998,2022,,,,,,,,
Mexico,1994,2010,2008,2016,2021,,,,,
Haiti,1980,2001,,,,,,,,
Mexico,1996,1977,2015,,,,,,,
Haiti,1984,1984,,,,,,,,
Honduras,1970,2009,,,,,,,,
Honduras,1985,2015,,,,,,,,
Haiti,1992,,,,,,,,,
Haiti,1994,1994,1985,,,,,,,
El Salvador,2001,,,,,,,,,
Haiti,1982,1986,1980,,,,,,,
Haiti,1982,1986,1980,,,,,,,
Haiti,1990,1981,1987,1999,,,,,,
Haiti,1987,1986,,,,,,,,
Haiti,1990,1995,2021,,,,,,,
Mexico,1985,2011,2014,2006,,,,,,
Mexico,2001,1968,1994,1993,2004,1999,2011,2020,,
Cuba,2002,,,,,,,,,
Honduras,1996,2021,2016,,,,,,,
Haiti,1988,,,,,,,,,
Haiti,1998,,,,,,,,,
El Salvador,1999,2018,,,,,,,,
Honduras,1993,2018,,,,,,,,
Mexico,1965,,,,,,,,,
Mexico,1996,1987,2021,2020,,,,,,
Honduras,1998,2019,,,,,,,,
Haiti,1997,,,,,,,,,
Mexico,2000,1993,2021,2018,,,,,,
Honduras,1992,2015,,,,,,,,
Mexico,1994,2017,,,,,,,,
Honduras,1987,1987,2012,2018,2009,2013,,,,
Haiti,1993,1996,,,,,,,,
Haiti,1984,1991,2021,,,,,,,
Honduras,1991,,,,,,,,,
Honduras,2000,,,,,,,,,
Mexico,1999,2017,2015,,,,,,,
Haiti,1994,,,,,,,,,
Guatemala,2002,,,,,,,,,
Haiti,1994,1994,,,,,,,,
El Salvador,1996,2001,2017,,,,,,,
Mexico,1986,2011,2011,,,,,,,
Venezuela,1987,1983,2020,2000,,,,,,
Venezuela,2000,1999,2018,,,,,,,
Honduras,2000,2004,2021,,,,,,,
Honduras,2003,,,,,,,,,
Honduras,1991,2019,2017,2010,,,,,,
El Salvador,1985,2010,,,,,,,,
Guatemala,1994,1992,2013,2017,,,,,,
Honduras,1986,2008,,,,,,,,
Honduras,1986,2007,2020,,,,,,,
Mexico,1990,1994,1999,2010,2011,2016,2012,2018,2021,2008
Haiti,1994,1991,,,,,,,,
Haiti,1995,1994,,,,,,,,
Honduras,2002,,,,,,,,,
Honduras,1969,,,,,,,,,
Mexico,1979,2006,2008,2001,2008,,,,,
Mexico,1994,2020,2016,,,,,,,
Haiti,1979,1987,,,,,,,,
Mexico,1988,2010,2021,2006,2015,,,,,
Venezuela,1995,1997,2019,2010,,,,,,
Haiti,1998,,,,,,,,,
Mexico,1991,1995,2019,2012,2014,,,,,
Honduras,1994,1985,2017,,,,,,,
Honduras,1977,2014,,,,,,,,
Haiti,1991,,,,,,,,,
Venezuela,1988,1983,2010,,,,,,,
Haiti,1993,1992,,,,,,,,
Haiti,1983,,,,,,,,,
Venezuela,2004,1989,,,,,,,,
Haiti,1968,1994,1985,1970,,,,,,
Mexico,1998,1993,2011,2017,2015,2021,,,,
Mexico,2001,1998,2016,2017,,,,,,
Honduras,1993,,,,,,,,,
Haiti,1995,1993,,,,,,,,
Venezuela,1985,1980,,,,,,,,
Guatemala,1990,,,,,,,,,
Venezuela,1997,,,,,,,,,
Haiti,1996,,,,,,,,,
Mexico,1996,2015,2019,,,,,,,
Venezuela,1994,1998,2021,,,,,,,
Venezuela,1988,1986,1965,2007,2017,,,,,
Haiti,1972,,,,,,,,,
Venezuela,1991,,,,,,,,,
Haiti,1999,1966,,,,,,,,
Haiti,1990,1994,,,,,,,,
Mexico,1988,2011,,,,,,,,
Mexico,1987,2011,2016,2020,,,,,,
Haiti,1994,1995,1999,,,,,,,
Venezuela,2001,,,,,,,,,
Venezuela,1987,,,,,,,,,
Haiti,1989,1991,2011,2014,,,,,,
Haiti,1993,,,,,,,,,
Haiti,1994,,,,,,,,,
Honduras,1999,,,,,,,,,
El Salvador,1996,2019,,,,,,,,
Haiti,1981,1996,1993,1977,,,,,,
Venezuela,1983,1975,2012,,,,,,,
Haiti,1992,1993,,,,,,,,
Venezuela,1989,,,,,,,,,
Guatemala,1991,2014,,,,,,,,
Mexico,1995,1989,,,,,,,,
Guatemala,1995,1971,1991,1997,2016,2018,,,,
Venezuela,2001,1995,,,,,,,,
Mexico,1989,1992,2009,2021,,,,,,
Venezuela,1993,1991,,,,,,,,
Honduras,1990,2020,,,,,,,,
Honduras,1992,2019,,,,,,,,
Venezuela,1993,1992,2011,2013,2018,,,,,
Haiti,1979,1988,1979,,,,,,,
Honduras,1984,2021,,,,,,,,
Honduras,1981,1988,2019,2013,,,,,,
Venezuela,1979,1976,,,,,,,,
